/*
Document created by Hussein Hussein
Student ID: 103615588
*/ 

USE BUILDQUERYCHALLENGE

/* 

SUBJECT(SUBJCODE, DESCRIPTION)
PRIMARY KEY(SUBJCODE)

TEACHER(STAFFID, SURNAME, GIVENNAME)
PRIMARY KEY(STAFFID)

STUDENT(STUDENTID, SURNAME, GIVENNAME, GENDER)
PRIMARY KEY(STUDENTID)

SUBJECTOFFERING(YEAR, STAFFID, SUBJCODE, SEMESTER, FEE)
PRIMARY KEY(YEAR, SEMESTER, STAFFID, SUBJCODE)
FOREIGN KEY(SUBJCODE) REFERENCES SUBJECT
FOREIGN KEY(STAFFID) REFERENCES TEACHER

ENROLMENT(STUDENTID, SUBJCODE, YEAR, SEMESTER, GRADE, DATEENROLLED)
PRIMARY KEY(YEAR, SEMESTER, STAFFID, SUBJCODE, STUDENTID)
FOREIGN KEY(YEAR, SEMESTER, STAFFID, SUBJCODE) REFERENCES SUBJECTOFFERING
FOREIGN KEY(STUDENTID) REFERENCES STUDENT

*/
DROP TABLE IF EXISTS ENROLMENT, SUBJECTOFFERING, STUDENT, TEACHER, SUBJECT;


CREATE TABLE SUBJECT(
    SUBJCODE nvarchar(100), 
    DESCRIPTION nvarchar(500),
    PRIMARY KEY(SUBJCODE)
);
    
CREATE TABLE TEACHER(
    STAFFID INT,  
    SURNAME nvarchar(100) NOT NULL,
    GIVENNAME nvarchar(100) NOT NULL
    PRIMARY KEY(STAFFID),
    CONSTRAINT chk_staffid_length CHECK(LEN(STAFFID)=8),
);

CREATE TABLE STUDENT(
    STUDENTID nvarchar(10),
    SURNAME nvarchar(100) NOT NULL, 
    GIVENNAME nvarchar(100) NOT NULL, 
    GENDER nvarchar(1),
    PRIMARY KEY(STUDENTID),
    CONSTRAINT chk_thestudent_gender CHECK (GENDER IN ('M', 'F', 'I')),
);

CREATE TABLE SUBJECTOFFERING(
    SUBJCODE nvarchar(100),
    YEAR INT, 
    STAFFID INT, 
    SEMESTER INT , 
    FEE MONEY NOT NULL,
    PRIMARY KEY(YEAR, SEMESTER, STAFFID, SUBJCODE),
    FOREIGN KEY(SUBJCODE) REFERENCES SUBJECT,
    FOREIGN KEY(STAFFID) REFERENCES TEACHER,
    CONSTRAINT chk_year_length CHECK(LEN(YEAR)=4),
    CONSTRAINT chk_sem_digits CHECK (SEMESTER IN ('1', '2')),
    CONSTRAINT chk_fee CHECK (FEE > 0)
);

CREATE TABLE ENROLMENT(
    YEAR INT, 
    SEMESTER INT, 
    SUBJCODE NVARCHAR(100), 
    STUDENTID NVARCHAR(10), 
    DATEENROLLED DATE, 
    STAFFID INT,
    GRADE NVARCHAR(2) DEFAULT NULL,
    PRIMARY KEY(YEAR, SEMESTER, SUBJCODE, STUDENTID),
    FOREIGN KEY(YEAR, SEMESTER, STAFFID, SUBJCODE) REFERENCES SUBJECTOFFERING,
    FOREIGN KEY(STUDENTID) REFERENCES STUDENT,
    CONSTRAINT chk_enrolyear_length CHECK(LEN(YEAR)=4),
    CONSTRAINT chk_erolsem_digits CHECK (SEMESTER IN ('1', '2')),
    CONSTRAINT chk_grade CHECK (GRADE IN ('N', 'P', 'C', 'D', 'HD')),
);
/*
SELECT NAME 
FROM sys.objects 
WHERE TYPE = 'U'
*/ 


INSERT INTO SUBJECT (SUBJCODE, DESCRIPTION) VALUES
('ICTPRG418', 'Apply SQL to extract & manipulate data'),
('ICTBSB430', 'Create Basic Databases'),
('ICTDBS205', 'Design a Database');

INSERT INTO TEACHER (STAFFID, SURNAME, GIVENNAME) VALUES
(98776655,'Young','Angus'),
(87665544,'Scott','Bon'),
(76554433,'Slade','Chris');

INSERT INTO STUDENT (STUDENTID, SURNAME, GIVENNAME, GENDER) VALUES
('s12233445','Baird','Tim','M'),
('s23344556','Nguyen','Anh','M'),
('s34455667','Hallinan','James','M'),
('s12345678', 'Hussein', 'Hussein', 'M');



INSERT INTO SUBJECTOFFERING (SUBJCODE, YEAR, SEMESTER, FEE, STAFFID) VALUES
('ICTPRG418',	2019,	1,	200,	98776655),
('ICTPRG418',	2020,	1,	225,	98776655),
('ICTBSB430',	2020,	1,	200,	87665544),
('ICTBSB430',	2020,	2,	200,	76554433),
('ICTDBS205',	2019,	2,	225,	87665544);


INSERT INTO ENROLMENT (STUDENTID, SUBJCODE, YEAR, SEMESTER, GRADE, DATEENROLLED) VALUES
('s12233445',	'ICTPRG418',	2019,	1,	'D','02/25/19'),
('s23344556',	'ICTPRG418',	2019,	1,	'P','02/15/19'),
('s12233445',	'ICTPRG418',	2020,	1,	'C','01/30/20'),
('s23344556',	'ICTPRG418',	2020,	1,	'HD','02/26/20'),
('s34455667',	'ICTPRG418',	2020,	1,	'P','01/28/20'),
('s12233445',	'ICTBSB430',	2020,	1,	'C','02/8/20'),
('s23344556',	'ICTBSB430',	2020,	2,	NULL,	'06/30/20'),
('s34455667',	'ICTBSB430',	2020,	2,	NULL,	'07/3/20'),
('s23344556',	'ICTDBS205',	2019,	2,	'P','07/1/19'),
('s34455667',	'ICTDBS205',	2019,	2,	'N','07/13/19'),
('s12345678',   'ICTDBS205',    2019,   2,   'C', '07/04/19');
/*
-- QUERY 1

SELECT STU.GIVENNAME, STU.SURNAME, S.SUBJCODE, SU.[DESCRIPTION], S.YEAR, S.SEMESTER, T.GIVENNAME, T.SURNAME
FROM ENROLMENT E
INNER JOIN
SUBJECTOFFERING S
on E.SUBJCODE = S.SUBJCODE AND  E.SEMESTER = S.SEMESTER and E.YEAR = S.YEAR 
INNER JOIN TEACHER T
ON S.STAFFID = T.STAFFID   
INNER JOIN STUDENT STU
ON E.STUDENTID = STU.STUDENTID 
INNER JOIN SUBJECT SU 
ON S.SUBJCODE = SU.SUBJCODE


-- QUERY 2 

SELECT (YEAR),(SEMESTER), COUNT(*) AS 'NUM ENROLLMENTS'
FROM SUBJECTOFFERING
GROUP BY YEAR, SEMESTER
*/

-- QUERY 3
SELECT * 
FROM SUBJECTOFFERING S
INNER JOIN 
ENROLMENT E
ON S.FEE = E.FEE




